frame,t_s,vehicles_in_roi,avg_speed_kmh,los,overspeeding,total_unique,helmet_bikes,helmet_violations,triple_violations
1,0.11,8,,A,0,22,3,0,0
2,0.62,6,,A,0,22,3,0,0
3,0.84,7,1.88,A,0,24,3,0,0
4,1.04,6,2.07,A,0,26,3,0,0
5,1.25,5,2.28,A,0,26,6,0,0
6,1.56,4,2.28,A,0,27,6,0,0
7,1.78,6,2.4,A,0,27,6,0,0
8,1.98,5,2.57,A,0,28,6,0,0
9,2.18,6,2.64,A,0,29,6,0,0
10,2.4,6,2.64,A,0,29,8,0,0
11,2.69,6,2.74,A,0,29,8,0,0
12,2.89,5,2.67,A,0,30,8,0,0
13,3.09,6,2.89,A,0,30,8,0,0
14,3.31,5,2.53,A,0,30,8,0,0
15,3.57,5,2.43,A,0,30,10,0,0
16,3.89,6,2.47,A,0,30,10,0,0
17,4.14,6,2.35,A,0,30,10,0,0
18,4.39,6,2.28,A,0,30,10,0,0
19,4.6,7,2.39,A,0,33,12,0,0
20,4.92,6,2.38,A,0,33,12,0,0
21,5.19,6,2.1,A,0,33,12,0,0
22,5.45,6,2.06,A,0,33,12,0,0
23,5.68,7,2.13,A,0,34,14,0,0
24,6.02,6,2.04,A,0,34,14,0,0
25,6.26,7,2,A,0,34,14,0,0
26,6.54,6,2,A,0,34,14,0,0
27,6.79,7,2,A,0,34,16,0,0
28,7.11,7,2.09,A,0,36,16,0,0
29,7.35,7,2.1,A,0,37,16,0,0
30,7.61,8,2.14,A,0,38,16,0,0
31,7.88,6,2.21,A,0,38,17,0,0
32,8.24,9,1.92,A,0,39,17,0,0
33,8.49,9,1.98,A,0,39,17,0,0
34,8.77,9,2.1,A,0,40,17,0,0
35,9.02,10,2.1,A,0,42,17,0,0
36,9.38,9,1.87,A,0,42,17,0,0
37,9.62,11,1.84,A,0,43,17,0,0
38,9.88,10,1.76,A,0,44,17,0,0
39,10.24,8,1.73,A,0,44,19,0,0
40,10.59,9,1.78,A,0,44,19,0,0
41,10.84,8,1.75,A,0,44,19,0,0
42,11.12,7,1.58,A,0,44,19,0,0
43,11.37,9,1.67,A,0,46,19,0,0
44,11.73,10,1.5,A,0,47,19,0,0
45,12.01,11,1.58,A,0,48,19,0,0
46,12.29,11,1.55,A,0,49,19,0,0
47,12.57,10,1.66,A,0,49,19,0,0
48,12.93,9,1.62,A,0,49,19,0,0
49,13.19,10,1.76,A,0,50,19,0,0
50,13.43,10,1.8,A,0,50,19,0,0
51,13.72,10,1.77,A,0,50,19,0,0
52,14.09,9,1.62,A,0,50,19,0,0
53,14.34,10,1.64,A,0,50,19,0,0
54,14.64,10,1.64,A,0,51,19,0,0
55,14.91,10,1.62,A,0,51,20,0,0
56,15.28,10,1.52,A,0,51,20,0,0
57,15.54,11,1.65,A,0,53,20,0,0
58,15.84,11,1.49,A,0,53,20,0,0
59,16.11,9,1.53,A,0,53,20,0,0
60,16.48,9,1.47,A,0,53,20,0,0
61,16.74,9,1.36,A,0,54,20,0,0
62,17.03,9,1.37,A,0,54,20,0,0
63,17.28,11,1.36,A,0,56,20,0,0
64,17.61,13,1.33,A,0,57,20,0,0
65,17.87,13,1.18,A,0,58,20,0,0
66,18.15,13,1.29,A,0,58,20,0,0
67,18.42,11,1.3,A,0,58,21,0,0
68,18.77,12,1.24,A,0,58,21,0,0
69,19.02,10,1.13,A,0,58,21,0,0
70,19.32,10,1.23,A,0,58,21,0,0
71,19.57,11,1.22,A,0,59,21,0,0
72,19.91,11,1.16,A,0,59,21,0,0
73,20.26,11,1.12,A,0,59,21,0,0
74,20.52,12,1.14,A,0,60,21,0,0
75,20.79,13,1.01,A,0,61,21,0,0
76,21.16,13,0.89,A,0,61,21,0,0
77,21.46,12,0.92,A,0,61,21,0,0
78,21.77,13,0.91,A,0,62,21,0,0
79,22.05,11,0.9,A,0,62,21,0,0
80,22.42,11,0.81,A,0,63,21,0,0
81,22.7,10,0.85,A,0,64,21,0,0
82,22.99,12,0.98,A,0,64,21,0,0
83,23.26,12,0.97,A,0,64,21,0,0
84,23.61,14,0.84,A,0,66,21,0,0
85,23.89,12,0.81,A,0,66,21,0,0
86,24.19,12,0.89,A,0,67,21,0,0
87,24.43,13,0.87,A,0,69,21,0,0
88,24.79,12,0.83,A,0,69,21,0,0
89,25.1,13,0.96,A,0,70,21,0,0
90,25.42,14,1.02,A,0,71,21,0,0
91,25.71,12,1,A,0,71,22,0,0
92,26.09,13,0.94,A,0,72,22,0,0
93,26.36,12,1.08,A,0,72,22,0,0
94,26.67,12,1.07,A,0,72,22,0,0
95,26.97,12,1.06,A,0,73,23,0,0
96,27.37,9,1.13,A,0,74,23,0,0
97,27.64,12,1.01,A,0,74,23,0,0
98,27.94,12,0.98,A,0,74,23,0,0
99,28.23,11,0.99,A,0,74,23,0,0
100,28.6,10,0.87,A,0,75,23,0,0
101,28.88,11,0.93,A,0,75,23,0,0
102,29.18,9,0.96,A,0,75,23,0,0
103,29.44,11,0.81,A,0,75,23,0,0
104,29.8,10,0.86,A,0,75,23,0,0
105,30.11,12,0.85,A,0,77,23,0,0
106,30.42,12,0.86,A,0,78,23,0,0
107,30.69,12,0.87,A,0,79,23,0,0
108,31.05,13,0.8,A,0,79,23,0,0
109,31.31,11,0.92,A,0,79,23,0,0
110,31.61,14,0.88,A,0,80,23,0,0
111,31.89,13,0.91,A,0,80,23,0,0
112,32.26,14,0.9,A,0,81,23,0,0
113,32.54,15,0.9,A,0,83,23,0,0
114,32.87,14,0.86,A,0,85,23,0,0
115,33.15,12,0.9,A,0,86,23,0,0
116,33.52,13,0.89,A,0,86,23,0,0
117,33.79,12,0.92,A,0,86,23,0,0
118,34.09,11,0.86,A,0,86,23,0,0
119,34.37,11,0.96,A,0,87,23,0,0
120,34.73,11,0.9,A,0,87,23,0,0
121,35,11,0.83,A,0,87,23,0,0
122,35.3,11,0.81,A,0,87,23,0,0
123,35.57,11,0.82,A,0,87,23,0,0
124,35.93,13,0.79,A,0,87,23,0,0
125,36.2,13,0.82,A,0,87,23,0,0
126,36.49,13,0.84,A,0,87,23,0,0
127,36.77,11,0.87,A,0,88,23,0,0
128,37.13,11,0.82,A,0,88,23,0,0
129,37.37,12,0.85,A,0,89,23,0,0
130,37.67,13,0.78,A,0,89,23,0,0
131,37.96,14,0.81,A,0,91,23,0,0
132,38.32,11,0.87,A,0,91,23,0,0
133,38.58,13,0.79,A,0,92,23,0,0
134,38.89,13,0.79,A,0,92,23,0,0
135,39.16,12,0.8,A,0,92,23,0,0
136,39.53,12,0.76,A,0,92,23,0,0
137,39.83,11,0.72,A,0,92,23,0,0
138,40.13,11,0.7,A,0,92,23,0,0
139,40.43,11,0.69,A,0,93,23,0,0
140,40.8,12,0.67,A,0,94,23,0,0
141,41.1,12,0.66,A,0,94,23,0,0
142,41.4,12,0.66,A,0,95,23,0,0
143,41.66,13,0.7,A,0,96,23,0,0
144,42.02,13,0.66,A,0,96,23,0,0
145,42.34,12,0.69,A,0,96,23,0,0
146,42.62,9,0.61,A,0,96,23,0,0
147,42.89,12,0.7,A,0,96,23,0,0
148,43.25,11,0.69,A,0,96,23,0,0
149,43.6,11,0.69,A,0,96,23,0,0
150,43.9,12,0.69,A,0,97,23,0,0
151,44.26,13,0.65,A,0,97,23,0,0
152,44.53,12,0.59,A,0,97,23,0,0
153,44.83,15,0.62,A,0,99,23,0,0
154,45.13,13,0.58,A,0,99,23,0,0
155,45.51,15,0.55,A,0,100,23,0,0
156,45.79,10,0.5,A,0,100,23,0,0
157,46.07,12,0.58,A,0,100,23,0,0
158,46.37,12,0.57,A,0,100,23,0,0
159,46.74,13,0.59,A,0,101,23,0,0
160,47.01,15,0.59,A,0,103,23,0,0
161,47.28,12,0.7,A,0,103,23,0,0
162,47.57,11,0.65,A,0,103,23,0,0
163,47.94,12,0.58,A,0,105,23,0,0
164,48.2,12,0.72,A,0,105,23,0,0
165,48.46,11,0.72,A,0,105,23,0,0
166,48.77,11,0.73,A,0,105,24,0,0
167,49.14,10,0.68,A,0,106,24,0,0
168,49.39,9,0.44,A,0,106,24,0,0
169,49.65,7,0.48,A,0,107,24,0,0
170,49.94,9,0.55,A,0,107,24,0,0
171,50.32,9,0.52,A,0,108,24,0,0
172,50.61,13,0.55,A,0,109,24,0,0
173,50.88,13,0.53,A,0,109,24,0,0
174,51.18,13,0.53,A,0,111,24,0,0
175,51.53,13,0.5,A,0,111,24,0,0
176,51.83,11,0.49,A,0,112,24,0,0
177,52.13,10,0.51,A,0,112,24,0,0
178,52.41,12,0.47,A,0,112,24,0,0
179,52.76,13,0.47,A,0,112,24,0,0
180,53.07,10,0.56,A,0,113,24,0,0
181,53.34,12,0.52,A,0,113,24,0,0
182,53.6,10,0.56,A,0,113,24,0,0
183,53.96,8,0.45,A,0,113,24,0,0
184,54.25,12,0.48,A,0,113,24,0,0
185,54.52,13,0.51,A,0,114,24,0,0
186,54.78,13,0.65,A,0,115,24,0,0
187,55.15,13,0.68,A,0,116,24,0,0
188,55.43,10,0.71,A,0,116,24,0,0
189,55.7,12,0.66,A,0,116,24,0,0
190,55.95,12,0.79,A,0,117,25,0,0
191,56.35,9,0.77,A,0,119,25,0,0
192,56.61,11,0.86,A,0,121,25,0,0
193,56.87,13,0.81,A,0,123,25,0,0
194,57.13,9,0.84,A,0,123,25,0,0
195,57.52,12,0.77,A,0,124,25,0,0
196,57.8,12,0.78,A,0,124,25,0,0
197,58.06,13,0.77,A,0,124,25,0,0
198,58.35,11,0.7,A,0,126,25,0,0
199,58.72,12,0.68,A,0,129,25,0,0
200,58.99,14,0.74,A,0,129,25,0,0
201,59.26,12,0.75,A,0,130,25,0,0
202,59.55,10,0.84,A,0,130,25,0,0
203,59.92,13,0.82,A,0,131,25,0,0
204,60.18,13,0.85,A,0,131,25,0,0
205,60.43,14,0.79,A,0,132,25,0,0
206,60.74,16,0.82,A,0,132,26,0,0
207,61.1,14,0.84,A,0,132,26,0,0
208,61.35,11,0.92,A,0,133,26,0,0
209,61.61,13,0.92,A,0,133,26,0,0
210,61.88,14,0.91,A,0,133,27,0,0
211,62.23,15,0.84,A,0,133,27,0,0
212,62.48,11,0.98,A,0,133,27,0,0
213,62.73,12,1.06,A,0,133,27,0,0
214,63,11,1.08,A,0,134,27,0,0
215,63.34,12,1.01,A,0,135,27,0,0
216,63.59,11,1.05,A,0,135,27,0,0
217,63.88,11,1.16,A,0,135,27,0,0
218,64.15,13,1.06,A,0,135,28,0,0
219,64.5,10,0.97,A,0,135,28,0,0
220,64.77,12,0.94,A,0,135,28,0,0
221,65.06,13,1,A,0,137,28,0,0
222,65.33,14,1.02,A,0,137,28,0,0
223,65.7,13,0.95,A,0,138,28,0,0
224,65.96,12,0.97,A,0,139,28,0,0
225,66.3,10,1.07,A,0,139,28,0,0
226,66.59,12,1.01,A,0,139,29,0,0
227,66.98,11,0.96,A,0,139,29,0,0
228,67.23,11,0.98,A,0,140,29,0,0
229,67.49,12,0.93,A,0,142,29,0,0
230,67.8,12,1.09,A,0,144,30,0,0
231,68.17,12,0.98,A,0,144,30,0,0
232,68.42,11,1.04,A,0,144,30,0,0
233,68.68,11,0.97,A,0,145,30,0,0
234,68.98,12,0.94,A,0,145,31,0,0
235,69.35,13,0.92,A,0,145,31,0,0
236,69.61,13,0.98,A,0,146,31,0,0
237,69.88,11,1.07,A,0,147,31,0,0
238,70.17,15,0.99,A,0,148,33,0,0
239,70.55,13,0.93,A,0,148,33,0,0
240,70.81,14,0.99,A,0,148,33,0,0
241,71.11,14,1.06,A,0,150,33,0,0
242,71.39,14,1.06,A,0,151,33,0,0
243,71.75,14,1.05,A,0,151,33,0,0
244,72,13,1.16,A,0,152,33,0,0
245,72.29,12,1.13,A,0,152,33,0,0
246,72.58,13,1.14,A,0,152,34,0,0
247,72.93,13,1.1,A,0,155,34,0,0
248,73.19,15,1.14,A,0,156,34,0,0
249,73.49,15,1.12,A,0,157,34,0,0
250,73.76,12,1.14,A,0,157,34,0,0
251,74.12,15,1.07,A,0,159,34,0,0
252,74.42,16,1.04,A,0,160,34,0,0
253,74.7,17,1,A,0,161,34,0,0
254,74.98,16,1.04,A,0,161,34,0,0
255,75.33,19,0.96,A,0,163,34,0,0
256,75.63,15,1.06,A,0,164,34,0,0
257,75.9,14,0.99,A,0,164,34,0,0
258,76.17,15,0.98,A,0,164,34,0,0
259,76.52,16,0.92,A,0,164,34,0,0
260,76.82,17,0.89,A,0,164,34,0,0
261,77.12,15,0.87,A,0,164,34,0,0
262,77.38,15,1.08,A,0,164,34,0,0
263,77.74,16,0.99,A,0,164,34,0,0
264,78.06,14,1.01,A,0,164,34,0,0
265,78.36,16,1.01,A,0,164,34,0,0
266,78.63,16,1,A,0,165,34,0,0
267,79.02,15,1.01,A,0,165,34,0,0
268,79.31,17,0.98,A,0,166,34,0,0
269,79.58,13,1.01,A,0,166,34,0,0
270,79.84,13,0.93,A,0,166,34,0,0
271,80.2,14,1.02,A,0,166,34,0,0
272,80.5,13,1.14,A,0,166,34,0,0
273,80.77,15,1.13,A,0,167,34,0,0
274,81.06,17,1.12,A,0,167,34,0,0
275,81.41,15,1.04,A,0,167,34,0,0
276,81.71,15,1.1,A,0,167,34,0,0
277,81.99,17,1.04,A,0,167,34,0,0
278,82.25,15,0.99,A,0,167,34,0,0
279,82.61,17,0.92,A,0,168,34,0,0
280,82.9,14,1.02,A,0,169,34,0,0
281,83.17,13,1.08,A,0,169,34,0,0
282,83.44,13,1.2,A,0,169,34,0,0
283,83.8,14,1.2,A,0,171,34,0,0
284,84.11,16,1.07,A,0,171,34,0,0
285,84.38,12,1.04,A,0,171,34,0,0
286,84.64,14,1.15,A,0,171,34,0,0
287,85.04,12,1.14,A,0,171,34,0,0
288,85.33,13,1.25,A,0,172,34,0,0
289,85.6,13,1.18,A,0,172,34,0,0
290,85.87,12,1.16,A,0,172,35,0,0
291,86.22,15,1.19,A,0,173,35,0,0
292,86.54,12,1.19,A,0,173,35,0,0
293,86.84,11,1.23,A,0,175,35,0,0
294,87.11,12,1.23,A,0,177,35,0,0
295,87.47,14,1.26,A,0,177,35,0,0
296,87.78,14,1.25,A,0,177,35,0,0
297,88.05,14,1.29,A,0,178,35,0,0
298,88.33,14,1.33,A,0,178,36,0,0
299,88.72,15,1.33,A,0,179,36,0,0
300,89.02,15,1.28,A,0,180,36,0,0
301,89.39,14,1.33,A,0,180,37,0,0
302,89.78,13,1.29,A,0,181,37,0,0
303,90.08,14,1.32,A,0,183,37,0,0
304,90.34,15,1.33,A,0,183,37,0,0
305,90.61,11,1.45,A,0,183,38,0,0
306,91.02,12,1.33,A,0,183,38,0,0
307,91.29,12,1.34,A,0,183,38,0,0
308,91.58,12,1.41,A,0,184,38,0,0
309,91.9,9,1.43,A,0,184,38,0,0
310,92.32,11,1.42,A,0,184,38,0,0
311,92.6,11,1.42,A,0,184,38,0,0
312,92.87,12,1.46,A,0,184,38,0,0
313,93.16,11,1.44,A,0,185,39,0,0
314,93.56,9,1.51,A,0,186,39,0,0
315,93.88,9,1.54,A,0,186,39,0,0
316,94.17,10,1.46,A,0,186,40,0,0
317,94.57,12,1.32,A,0,187,40,0,0
318,94.9,13,1.33,A,0,189,40,0,0
319,95.18,10,1.54,A,0,189,41,0,0
320,95.56,13,1.42,A,0,189,41,0,0
321,95.84,12,1.5,A,0,190,41,0,0
322,96.14,11,1.52,A,0,191,41,0,0
323,96.43,10,1.63,A,0,191,42,0,0
324,96.9,13,1.51,A,0,193,42,0,0
325,97.2,12,1.54,A,0,194,42,0,0
326,97.49,11,1.66,A,0,195,42,0,0
327,97.9,12,1.65,A,0,195,42,0,0
328,98.19,9,1.72,A,0,195,42,0,0
329,98.52,11,1.72,A,0,195,42,0,0
330,98.91,14,1.54,A,0,196,42,0,0
331,99.2,16,1.5,A,0,197,42,0,0
332,99.55,11,1.62,A,0,197,43,0,0
333,99.98,11,1.7,A,0,199,43,0,0
334,100.27,13,1.6,A,0,199,43,0,0
335,100.59,12,1.57,A,0,200,43,0,0
336,101.01,14,1.59,A,0,200,43,0,0
337,101.33,14,1.65,A,0,200,43,0,0
338,101.62,15,1.69,A,0,200,45,0,0
339,101.99,12,1.81,A,0,200,45,0,0
340,102.34,11,1.78,A,0,200,45,0,0
341,102.62,11,1.79,A,0,201,45,0,0
342,102.91,14,1.89,A,0,203,45,0,0
343,103.34,15,1.81,A,0,204,45,0,0
344,103.65,15,1.75,A,0,205,45,0,0
345,103.96,14,1.9,A,0,205,45,0,0
346,104.41,14,1.83,A,0,206,45,0,0
347,104.74,15,1.81,A,0,207,45,0,0
348,105.08,13,1.87,A,0,207,45,0,0
349,105.49,13,1.78,A,0,209,45,0,0
350,105.81,12,1.68,A,0,209,45,0,0
351,106.08,14,1.91,A,0,211,45,0,0
352,106.51,14,1.91,A,0,211,45,0,0
353,106.78,12,1.8,A,0,211,45,0,0
354,107.08,13,2.15,A,0,212,45,0,0
355,107.52,14,1.9,A,0,213,45,0,0
356,107.88,17,1.88,A,0,214,45,0,0
357,108.22,15,2.05,A,0,214,46,0,0
358,108.62,14,2.06,A,0,214,46,0,0
359,108.95,13,2.06,A,0,214,46,0,0
360,109.3,15,2.03,A,0,215,47,0,0
361,109.73,13,2.05,A,0,216,47,0,0
362,110.04,14,1.98,A,0,216,47,0,0
363,110.31,13,2.1,A,0,216,47,0,0
364,110.75,12,2.1,A,0,216,47,0,0
365,111.06,13,2.14,A,0,216,47,0,0
366,111.34,14,2.24,A,0,217,47,0,0
367,111.8,10,2.14,A,0,217,47,0,0
368,112.15,14,2.19,A,0,219,47,0,0
369,112.46,16,2.2,A,0,219,47,0,0
370,112.91,12,2.29,A,0,219,47,0,0
371,113.21,14,2.31,A,0,219,47,0,0
372,113.53,15,2.31,A,0,221,47,0,0
373,114.03,13,2.12,A,0,222,47,0,0
374,114.33,16,2.31,A,0,222,47,0,0
375,114.69,12,2.24,A,0,222,47,0,0
376,115.18,13,2.14,A,0,222,47,0,0
377,115.54,13,2.22,A,0,222,47,0,0
378,115.87,13,2.24,A,0,223,47,0,0
379,116.31,13,2.22,A,0,225,47,0,0
380,116.66,12,2.26,A,0,225,47,0,0
381,116.97,11,2.26,A,0,225,47,0,0
382,117.42,12,2.23,A,0,225,47,0,0
383,117.77,11,2.3,A,0,225,47,0,0
384,118.1,13,2.33,A,0,227,47,0,0
385,118.53,11,2.36,A,0,227,47,0,0
386,118.85,9,2.39,A,0,227,47,0,0
387,119.18,11,2.42,A,0,227,47,0,0
388,119.61,12,2.43,A,0,228,47,0,0
389,119.93,11,2.38,A,0,228,47,0,0
390,120.22,12,2.59,A,0,230,47,0,0
391,120.67,14,2.51,A,0,230,47,0,0
392,121.01,10,2.54,A,0,231,47,0,0
393,121.33,12,2.54,A,0,231,47,0,0
394,121.73,12,2.58,A,0,231,47,0,0
395,122.12,8,2.66,A,0,232,47,0,0
396,122.49,8,2.67,A,0,233,48,0,0
397,123,11,2.59,A,0,234,48,0,0
398,123.32,13,2.56,A,0,234,48,0,0
399,123.65,11,2.59,A,0,235,49,0,0
400,124.1,13,2.54,A,0,236,49,0,0
401,124.39,13,2.48,A,0,236,49,0,0
402,124.78,12,2.53,A,0,237,51,0,0
403,125.21,12,2.46,A,0,237,51,0,0
404,125.56,11,2.56,A,0,237,51,0,0
405,125.88,14,2.59,A,0,239,53,0,0
406,126.37,12,2.56,A,0,239,53,0,0
407,126.72,12,2.55,A,0,239,53,0,0
408,127.09,12,2.6,A,0,240,53,0,0
409,127.55,11,2.59,A,0,240,53,0,0
410,127.9,14,2.56,A,0,241,53,0,0
411,128.21,14,2.7,A,0,242,53,0,0
412,128.66,11,2.49,A,0,243,53,0,0
413,129,13,2.67,A,0,245,53,0,0
414,129.33,12,2.72,A,0,245,53,0,0
415,129.74,11,2.77,A,0,245,53,0,0
416,130.12,10,2.77,A,0,245,53,0,0
417,130.7,9,2.62,A,0,245,53,0,0
418,131.13,10,2.62,A,0,247,53,0,0
419,131.47,10,2.64,A,0,247,53,0,0
420,131.82,10,2.75,A,0,249,53,0,0
421,132.24,8,2.72,A,0,249,53,0,0
422,132.55,9,2.81,A,0,250,53,0,0
423,132.88,9,2.84,A,0,250,54,0,0
424,133.33,10,2.83,A,0,252,54,0,0
425,133.69,9,2.84,A,0,252,54,0,0
426,134.05,10,3.08,A,0,252,55,0,0
427,134.53,9,3.01,A,0,252,55,0,0
428,134.9,9,3.03,A,0,252,55,0,0
429,135.27,8,3.01,A,0,253,57,0,0
430,135.71,9,2.99,A,0,254,57,0,0
431,136.05,10,3,A,0,256,57,0,0
432,136.4,10,2.9,A,0,258,58,0,0
433,136.88,9,3.02,A,0,258,58,0,0
434,137.22,8,2.87,A,0,258,58,0,0
435,137.59,9,2.97,A,0,258,61,0,0
436,138.08,10,2.8,A,0,258,61,0,0
437,138.44,11,2.58,A,0,258,61,0,0
438,138.77,11,3.15,A,0,261,62,0,0
439,139.2,11,3.16,A,0,262,62,0,0
440,139.56,10,3.21,A,0,263,62,0,0
441,139.9,10,3.24,A,0,263,64,0,0
442,140.35,9,3.29,A,0,263,64,0,0
443,140.7,10,3.31,A,0,265,64,0,0
444,141.1,11,3.4,A,0,266,65,0,0
445,141.57,10,3.42,A,0,267,65,0,0
446,141.9,10,3.48,A,0,267,65,0,0
447,142.3,9,3.39,A,0,267,66,0,0
448,142.73,8,3.41,A,0,267,66,0,0
449,143.08,7,3.42,A,0,268,66,0,0
450,143.43,7,3.46,A,0,268,68,0,0
451,143.9,7,3.44,A,0,268,68,0,0
452,144.27,7,3.49,A,0,269,68,0,0
453,144.74,6,3.41,A,0,269,73,0,0
454,145.24,6,3.51,A,0,271,73,0,0
455,145.56,7,3.56,A,0,271,73,0,0
456,145.91,7,3.38,A,0,272,74,0,0
457,146.32,7,3.4,A,0,274,74,0,0
458,146.72,7,3.44,A,0,274,74,0,0
459,147.06,6,3.47,A,0,276,75,0,0
460,147.55,5,3.93,A,0,278,75,0,0
461,147.91,7,3.87,A,0,279,75,0,0
462,148.24,7,4.12,A,0,281,77,0,0
463,148.66,5,3.61,A,0,283,77,0,0
464,149.03,6,3.67,A,0,284,77,0,0
465,149.4,5,3.69,A,0,284,77,0,0
466,149.91,5,3.63,A,0,287,77,0,0
467,150.26,5,4.21,A,0,287,77,0,0
468,150.62,5,4.21,A,0,287,78,0,0
469,151.16,5,3.92,A,0,289,78,0,0
470,151.48,6,4.06,A,0,291,78,0,0
471,151.87,5,4.21,A,0,291,83,0,0
472,152.33,7,4.11,A,0,292,83,0,0
473,152.7,7,4.18,A,0,294,83,0,0
474,153.06,5,3.78,A,0,295,84,0,0
475,153.56,4,3.51,A,0,295,84,0,0
476,153.97,5,3.57,A,0,296,84,0,0
477,154.35,6,3.88,A,0,296,89,0,0
478,154.82,6,3.49,A,0,297,89,0,0
479,155.18,6,3.49,A,0,298,89,0,0
480,155.55,5,3.61,A,0,300,90,0,0
481,156.06,5,3.63,A,0,300,90,0,0
482,156.38,5,3.51,A,0,301,90,0,0
483,156.74,5,2.94,A,0,301,92,0,0
484,157.17,5,3.05,A,0,301,92,0,0
485,157.58,5,3.19,A,0,304,92,0,0
486,157.92,5,3.37,A,0,306,96,0,0
487,158.36,4,4.18,A,0,307,96,0,0
488,158.66,4,4.35,A,0,307,96,0,0
489,159.05,5,3.81,A,0,307,98,0,0
490,159.5,4,4.59,A,0,307,98,0,0
491,159.88,4,4.58,A,0,308,98,0,0
492,160.22,4,4.7,A,0,309,100,0,0
493,160.74,4,4.65,A,0,309,100,0,0
494,161.09,4,4.79,A,0,311,100,0,0
495,161.41,5,4.35,A,0,311,102,0,0
496,161.91,3,4.57,A,0,312,102,0,0
497,162.32,3,4.52,A,0,312,102,0,0
498,162.67,4,3.88,A,0,313,105,0,0
499,163.15,3,3.9,A,0,314,105,0,0
500,163.48,3,3.61,A,0,314,105,0,0
501,163.84,4,2.93,A,0,314,108,0,0
502,164.35,3,3.79,A,0,314,108,0,0
503,164.68,3,3.94,A,0,314,108,0,0
504,165.04,3,4.02,A,0,315,111,0,0
505,165.54,4,4.03,A,0,317,111,0,0
506,165.94,4,4.11,A,0,318,111,0,0
507,166.29,4,3.55,A,0,318,113,0,0
508,166.74,4,3.81,A,0,319,113,0,0
509,167.07,4,4.01,A,0,321,113,0,0
510,167.47,4,4.1,A,0,321,116,0,0
511,167.95,4,3.83,A,0,322,116,0,0
512,168.28,4,4.72,A,0,323,116,0,0
513,168.65,4,4.82,A,0,325,119,0,0
514,169.12,5,4.78,A,0,325,119,0,0
515,169.48,5,4.98,A,0,325,119,0,0
516,169.86,4,4.96,A,0,325,122,0,0
517,170.3,4,4.93,A,0,326,122,0,0
518,170.68,4,5,A,0,329,122,0,0
519,171.05,4,5.15,A,0,331,124,0,0
520,171.51,3,4.99,A,0,331,124,0,0
521,171.88,3,5.08,A,0,331,124,0,0
522,172.23,3,5.21,A,0,331,125,0,0
523,172.72,4,5.19,A,0,332,125,0,0
524,173.05,5,5.37,A,0,334,125,0,0
525,173.46,5,4.68,A,0,335,128,0,0
526,173.97,5,4.14,A,0,335,128,0,0
527,174.36,5,4.41,A,0,335,128,0,0
528,174.69,5,4.69,A,0,335,130,0,0
529,175.25,4,4.35,A,0,335,130,0,0
530,175.63,3,4.78,A,0,335,130,0,0
531,175.99,4,4.74,A,0,337,131,0,0
532,176.46,4,4.87,A,0,338,131,0,0
533,176.85,4,4.97,A,0,338,131,0,0
534,177.2,3,4.88,A,0,338,133,0,0
535,177.69,3,5.1,A,0,338,133,0,0
536,178.02,3,5.46,A,0,339,133,0,0
537,178.41,3,5.54,A,0,339,138,0,0
538,178.9,3,5.68,A,0,339,138,0,0
539,179.26,3,5.92,A,0,339,138,0,0
540,179.61,2,5.58,A,0,339,142,0,0
541,180.1,3,5.66,A,0,341,142,0,0
542,180.47,3,5.81,A,0,341,142,0,0
543,180.85,3,4.65,A,0,342,144,0,0
544,181.32,3,4.83,A,0,343,144,0,0
545,181.71,2,4.15,A,0,343,144,0,0
546,182.08,2,4.48,A,0,343,145,0,0
547,182.55,2,4.58,A,0,343,145,0,0
548,182.87,2,4.89,A,0,344,145,0,0
549,183.26,2,5.13,A,0,344,148,0,0
550,183.74,2,5.22,A,0,344,148,0,0
551,184.09,2,5.58,A,0,344,148,0,0
552,184.42,2,5.87,A,0,345,150,0,0
553,184.94,2,5.98,A,0,345,150,0,0
554,185.3,2,6.3,A,0,346,150,0,0
555,185.66,2,6.51,A,0,347,153,0,0
556,186.18,1,5.39,A,0,347,153,0,0
557,186.54,1,5.43,A,0,348,153,0,0
558,186.89,2,5.58,A,0,349,155,0,0
559,187.4,1,5.61,A,0,350,155,0,0
560,187.76,1,5.76,A,0,353,155,0,0
561,188.14,1,5.85,A,0,353,157,0,0
562,188.65,2,5.94,A,0,354,157,0,0
563,189.04,3,6.11,A,0,355,157,0,0
564,189.41,3,4.26,A,0,356,159,0,0
565,189.93,2,4.48,A,0,356,159,0,0
566,190.29,2,4.85,A,0,356,159,0,0
567,190.67,2,5.17,A,0,356,159,0,0
568,191.14,2,5.43,A,0,356,159,0,0
569,191.55,2,5.67,A,0,357,159,0,0
570,191.88,3,6.67,A,0,357,159,0,0
571,192.38,1,4.37,A,0,358,159,0,0
572,192.78,1,4.75,A,0,359,159,0,0
573,193.12,1,5.18,A,0,359,159,0,0
574,193.57,2,5.58,A,0,360,159,0,0
575,193.97,2,5.69,A,0,360,159,0,0
576,194.34,2,5.21,A,0,361,161,0,0
577,194.82,2,5.37,A,0,362,161,0,0
578,195.17,2,5.74,A,0,363,161,0,0
579,195.52,2,5.99,A,0,364,162,0,0
580,195.97,2,6.17,A,0,364,162,0,0
581,196.3,2,6.49,A,0,364,162,0,0
582,196.7,2,6.56,A,0,365,163,0,0
583,197.2,2,6.58,A,0,367,163,0,0
584,197.54,1,6.93,A,0,367,163,0,0
585,197.87,1,7.4,A,0,367,164,0,0
586,198.36,1,7.53,A,0,367,164,0,0
587,198.72,1,7.52,A,0,367,164,0,0
588,199.07,1,7.6,A,0,367,164,0,0
589,199.53,1,7.64,A,0,368,164,0,0
590,199.91,1,7.71,A,0,369,164,0,0
591,200.27,1,8,A,0,369,164,0,0
592,200.75,1,8.16,A,0,369,164,0,0
593,201.1,1,8.41,A,0,369,164,0,0
594,201.48,1,8.36,A,0,370,164,0,0
595,201.95,1,8.78,A,0,370,164,0,0
596,202.3,1,9.34,A,0,371,164,0,0
597,202.71,0,,A,0,371,164,0,0
598,203.19,0,,A,0,371,164,0,0
599,203.53,0,,A,0,372,164,0,0
600,203.87,0,,A,0,372,164,0,0
601,204.37,0,,A,0,374,164,0,0
602,204.72,0,,A,0,376,164,0,0
603,205.08,1,,A,0,376,164,0,0
604,205.54,1,,A,0,377,164,0,0
605,205.99,1,2.17,A,0,378,164,0,0
606,206.36,1,2.37,A,0,379,164,0,0
607,206.81,1,2.4,A,0,379,164,0,0
608,207.2,1,2.54,A,0,379,164,0,0
609,207.55,1,2.64,A,0,379,164,0,0
610,207.99,1,,A,0,382,164,0,0
611,208.33,2,,A,0,383,164,0,0
612,208.7,2,6.8,A,0,383,164,0,0
613,209.2,1,5.85,A,0,384,164,0,0
614,209.55,2,6.67,A,0,385,164,0,0
615,209.94,1,6.66,A,0,385,164,0,0
616,210.4,2,6.61,A,0,385,164,0,0
617,210.75,2,6.87,A,0,385,164,0,0
618,211.09,2,7.06,A,0,386,164,0,0
619,211.59,2,6.9,A,0,386,164,0,0
620,211.98,2,7.01,A,0,388,164,0,0
621,212.32,2,7.28,A,0,388,164,0,0
622,212.76,2,7.46,A,0,388,164,0,0
623,213.15,2,7.55,A,0,389,164,0,0
624,213.53,2,7.82,A,0,389,164,0,0
625,213.98,2,8.1,A,0,390,164,0,0
626,214.3,2,8.34,A,0,390,164,0,0
627,214.69,2,8.55,A,0,390,164,0,0
628,215.15,2,8.85,A,0,392,164,0,0
629,215.49,2,9.16,A,0,392,164,0,0
630,215.83,2,9.37,A,0,393,164,0,0
631,216.34,0,,A,0,394,164,0,0
632,216.71,0,,A,0,394,164,0,0
633,217.04,0,,A,0,394,164,0,0
634,217.49,0,,A,0,394,164,0,0
635,217.86,1,,A,0,395,164,0,0
636,218.21,1,,A,0,395,164,0,0
637,218.65,1,2.06,A,0,396,164,0,0
638,218.99,1,2.16,A,0,397,164,0,0
639,219.37,1,2.2,A,0,397,164,0,0
640,219.84,2,2.31,A,0,398,164,0,0
641,220.17,1,,A,0,400,164,0,0
642,220.51,1,5.34,A,0,400,164,0,0
643,221,1,4.83,A,0,400,164,0,0
644,221.34,1,5.18,A,0,401,164,0,0
645,221.67,1,5.44,A,0,401,164,0,0
646,222.11,1,5.31,A,0,401,164,0,0
647,222.49,1,5.37,A,0,401,164,0,0
648,222.83,1,5.5,A,0,402,164,0,0
649,223.27,1,5.43,A,0,402,164,0,0
650,223.64,1,5.6,A,0,404,164,0,0
651,223.97,1,5.7,A,0,404,164,0,0
652,224.48,1,5.75,A,0,404,164,0,0
653,224.83,1,5.8,A,0,405,164,0,0
654,225.17,2,5.87,A,0,406,164,0,0
655,225.66,3,5.88,A,0,407,164,0,0
656,226.01,3,5.27,A,0,408,164,0,0
657,226.41,2,5.5,A,0,409,166,0,0
658,226.88,3,5.57,A,0,410,166,0,0
659,227.23,3,5.82,A,0,412,166,0,0
660,227.6,2,5.97,A,0,412,167,0,0
661,228.05,2,6.14,A,0,412,167,0,0
662,228.44,3,6.29,A,0,414,167,0,0
663,228.75,2,6.5,A,0,414,167,0,0
664,229.19,3,6.88,A,0,416,167,0,0
665,229.57,3,7.02,A,0,417,167,0,0
666,229.91,3,5.6,A,0,417,167,0,0
667,230.36,2,4.67,A,0,417,167,0,0
668,230.76,3,4.95,A,0,419,167,0,0
669,231.13,2,7.24,A,0,419,167,0,0
670,231.59,2,6.04,A,0,421,167,0,0
671,231.93,2,6.41,A,0,421,167,0,0
672,232.33,2,6.42,A,0,421,167,0,0
673,232.81,2,6.43,A,0,421,167,0,0
674,233.15,3,6.6,A,0,423,167,0,0
675,233.49,3,6.8,A,0,423,168,0,0
676,233.99,3,6.3,A,0,423,168,0,0
677,234.34,2,7.07,A,0,423,168,0,0
678,234.67,1,5.55,A,0,424,169,0,0
679,235.13,1,5.6,A,0,424,169,0,0
680,235.49,1,5.63,A,0,424,169,0,0
681,235.93,1,5.66,A,0,425,169,0,0
682,236.4,1,5.74,A,0,425,169,0,0
683,236.74,1,5.89,A,0,425,169,0,0
684,237.07,1,6.01,A,0,427,169,0,0
685,237.56,1,6.04,A,0,427,169,0,0
686,237.9,2,6.19,A,0,428,169,0,0
687,238.3,2,6.26,A,0,429,169,0,0
688,238.76,2,4.36,A,0,429,169,0,0
689,239.11,2,4.79,A,0,429,169,0,0
690,239.49,2,5.24,A,0,429,169,0,0
691,239.96,2,5.49,A,0,429,169,0,0
692,240.33,3,5.72,A,0,430,169,0,0
693,240.67,2,6.01,A,0,431,169,0,0
694,241.15,1,4.91,A,0,432,169,0,0
695,241.52,1,5.16,A,0,432,169,0,0
696,241.87,1,5.76,A,0,432,169,0,0
697,242.35,1,6.27,A,0,432,169,0,0
698,242.75,1,6.47,A,0,433,169,0,0
699,243.11,1,6.71,A,0,433,171,0,0
700,243.58,1,6.87,A,0,433,171,0,0
701,243.94,2,6.99,A,0,434,171,0,0
702,244.32,2,7.07,A,0,434,172,0,0
703,244.79,3,4.5,A,0,435,172,0,0
704,245.19,3,4.87,A,0,436,172,0,0
705,245.56,2,5.85,A,0,437,172,0,0
706,246.03,3,5.94,A,0,439,172,0,0
707,246.38,3,6.29,A,0,440,172,0,0
708,246.76,4,6.13,A,0,441,173,0,0
709,247.24,5,6.18,A,0,442,173,0,0
710,247.59,4,5.36,A,0,443,173,0,0
711,247.95,3,4.47,A,0,443,173,0,0
712,248.43,3,4.51,A,0,443,173,0,0
713,248.79,3,4.87,A,0,443,173,0,0
714,249.16,3,5.09,A,0,443,173,0,0
715,249.62,3,5.19,A,0,444,173,0,0
716,249.98,4,5.44,A,0,447,173,0,0
717,250.36,3,5.61,A,0,447,174,0,0
718,250.82,4,5.9,A,0,448,174,0,0
719,251.16,4,6.15,A,0,448,174,0,0
720,251.5,4,6.45,A,0,448,175,0,0
721,251.96,2,6.93,A,0,448,175,0,0
722,252.3,3,6.88,A,0,449,175,0,0
723,252.85,0,,A,0,449,183,0,0
724,253.47,5,,A,0,461,183,0,0
725,253.85,7,,A,0,467,183,0,0
726,254.22,6,1.71,A,0,469,186,0,0
727,254.7,5,1.58,A,0,470,186,0,0
728,255.12,4,1.63,A,0,471,186,0,0
729,255.49,6,1.67,A,0,471,188,0,0
730,255.97,5,1.68,A,0,472,188,0,0
731,256.33,6,1.61,A,0,473,188,0,0
732,256.74,6,1.58,A,0,473,190,0,0
733,257.22,6,1.52,A,0,474,190,0,0
734,257.58,5,1.5,A,0,476,190,0,0
735,257.94,6,1.59,A,0,476,191,0,0
736,258.46,5,1.39,A,0,476,191,0,0
737,258.82,5,1.32,A,0,476,191,0,0
738,259.17,6,1.42,A,0,476,193,0,0
739,259.65,6,1.35,A,0,476,193,0,0
740,260.06,6,1.34,A,0,476,193,0,0
741,260.42,7,1.41,A,0,479,195,0,0
742,260.91,6,1.44,A,0,479,195,0,0
743,261.27,6,1.32,A,0,479,195,0,0
744,261.68,6,1.3,A,0,479,198,0,0
745,262.17,7,1.32,A,0,480,198,0,0
746,262.54,6,1.32,A,0,480,198,0,0
747,262.91,7,1.28,A,0,480,201,0,0
748,263.47,6,1.26,A,0,480,201,0,0
749,263.84,7,1.28,A,0,480,201,0,0
750,264.21,7,1.43,A,0,482,203,0,0
751,264.7,7,1.35,A,0,483,203,0,0
752,265.11,8,1.37,A,0,484,203,0,0
753,265.48,6,1.43,A,0,484,205,0,0
754,265.98,9,1.29,A,0,485,205,0,0
755,266.37,9,1.3,A,0,485,205,0,0
756,266.79,9,1.38,A,0,486,207,0,0
757,267.29,10,1.34,A,0,488,207,0,0
758,267.67,9,1.26,A,0,488,207,0,0
759,268.03,11,1.25,A,0,489,208,0,0
760,268.57,10,1.14,A,0,490,208,0,0
761,268.97,8,1.16,A,0,490,208,0,0
762,269.35,9,1.24,A,0,490,208,0,0
763,269.83,8,1.19,A,0,490,208,0,0
764,270.25,7,1.07,A,0,490,208,0,0
765,270.64,9,1.12,A,0,492,208,0,0
766,271.13,10,1.04,A,0,493,208,0,0
767,271.53,11,1.09,A,0,494,208,0,0
768,271.95,11,1.06,A,0,495,208,0,0
769,272.47,10,1.11,A,0,495,208,0,0
770,272.84,9,1.14,A,0,495,208,0,0
771,273.2,10,1.23,A,0,496,208,0,0
772,273.73,10,1.17,A,0,496,208,0,0
773,274.11,10,1.18,A,0,496,208,0,0
774,274.5,9,1.14,A,0,496,209,0,0
775,274.98,10,1.12,A,0,496,209,0,0
776,275.41,10,1.12,A,0,497,209,0,0
777,275.8,10,1.1,A,0,497,210,0,0
778,276.3,10,1.07,A,0,497,210,0,0
779,276.67,11,1.13,A,0,499,210,0,0
780,277.07,11,1.02,A,0,499,210,0,0
781,277.56,9,1.06,A,0,499,210,0,0
782,277.92,9,1.06,A,0,499,210,0,0
783,278.28,9,0.96,A,0,500,210,0,0
784,278.82,9,0.96,A,0,500,210,0,0
785,279.2,11,0.95,A,0,502,210,0,0
786,279.58,13,0.95,A,0,503,210,0,0
787,280.06,13,0.81,A,0,504,210,0,0
788,280.47,13,0.87,A,0,504,210,0,0
789,280.87,11,0.87,A,0,504,211,0,0
790,281.38,12,0.85,A,0,504,211,0,0
791,281.74,10,0.76,A,0,504,211,0,0
792,282.15,10,0.83,A,0,504,211,0,0
793,282.64,11,0.8,A,0,505,211,0,0
794,283.01,11,0.8,A,0,505,211,0,0
795,283.51,11,0.78,A,0,505,211,0,0
796,284.03,12,0.76,A,0,506,211,0,0
797,284.42,13,0.67,A,0,507,211,0,0
798,284.8,13,0.62,A,0,507,211,0,0
799,285.3,12,0.64,A,0,507,211,0,0
800,285.72,13,0.63,A,0,508,211,0,0
801,286.11,11,0.62,A,0,508,211,0,0
802,286.6,11,0.59,A,0,509,211,0,0
803,287,10,0.6,A,0,510,211,0,0
804,287.41,12,0.69,A,0,510,211,0,0
805,287.9,12,0.67,A,0,510,211,0,0
806,288.27,14,0.61,A,0,512,211,0,0
807,288.64,12,0.57,A,0,512,211,0,0
808,289.19,12,0.61,A,0,513,211,0,0
809,289.59,13,0.59,A,0,515,211,0,0
810,289.97,12,0.58,A,0,515,211,0,0
811,290.46,13,0.67,A,0,516,211,0,0
812,290.88,14,0.72,A,0,517,211,0,0
813,291.26,12,0.71,A,0,517,212,0,0
814,291.78,13,0.68,A,0,518,212,0,0
815,292.15,12,0.77,A,0,518,212,0,0
816,292.58,12,0.76,A,0,518,212,0,0
817,293.06,12,0.76,A,0,519,212,0,0
818,293.43,9,0.86,A,0,520,212,0,0
819,293.8,12,0.75,A,0,520,212,0,0
820,294.33,12,0.72,A,0,520,212,0,0
821,294.71,11,0.73,A,0,520,212,0,0
822,295.08,10,0.66,A,0,521,212,0,0
823,295.56,11,0.69,A,0,521,212,0,0
824,295.97,9,0.71,A,0,521,212,0,0
825,296.37,11,0.59,A,0,521,212,0,0
826,296.84,10,0.64,A,0,521,212,0,0
827,297.21,12,0.62,A,0,523,212,0,0
828,297.63,12,0.62,A,0,524,212,0,0
829,298.12,12,0.62,A,0,525,212,0,0
830,298.48,13,0.6,A,0,525,212,0,0
831,298.85,11,0.66,A,0,525,212,0,0
832,299.39,14,0.63,A,0,526,212,0,0
833,299.77,13,0.64,A,0,526,212,0,0
834,300.16,14,0.68,A,0,527,212,0,0
835,300.64,15,0.65,A,0,529,212,0,0
836,301.08,14,0.62,A,0,531,212,0,0
837,301.45,12,0.65,A,0,532,212,0,0
838,301.95,13,0.66,A,0,532,212,0,0
839,302.32,12,0.66,A,0,532,212,0,0
840,302.73,11,0.62,A,0,532,212,0,0
841,303.22,11,0.68,A,0,533,212,0,0
842,303.57,11,0.67,A,0,533,212,0,0
843,303.94,11,0.6,A,0,533,212,0,0
844,304.47,11,0.59,A,0,533,212,0,0
845,304.85,11,0.59,A,0,533,212,0,0
846,305.22,13,0.58,A,0,533,212,0,0
847,305.7,13,0.59,A,0,533,212,0,0
848,306.11,13,0.6,A,0,533,212,0,0
849,306.49,11,0.62,A,0,534,212,0,0
850,306.97,11,0.6,A,0,534,212,0,0
851,307.34,12,0.6,A,0,535,212,0,0
852,307.75,13,0.55,A,0,535,212,0,0
853,308.23,14,0.57,A,0,537,212,0,0
854,308.6,11,0.64,A,0,537,212,0,0
855,308.96,13,0.56,A,0,538,212,0,0
856,309.49,13,0.56,A,0,538,212,0,0
857,309.88,12,0.56,A,0,538,212,0,0
858,310.24,12,0.56,A,0,538,212,0,0
859,310.71,11,0.52,A,0,538,212,0,0
860,311.12,11,0.51,A,0,538,212,0,0
861,311.5,11,0.51,A,0,539,212,0,0
862,311.97,12,0.51,A,0,540,212,0,0
863,312.34,12,0.49,A,0,540,212,0,0
864,312.75,12,0.49,A,0,541,212,0,0
865,313.26,13,0.51,A,0,542,212,0,0
866,313.63,13,0.5,A,0,542,212,0,0
867,314.07,12,0.51,A,0,542,212,0,0
868,314.58,9,0.44,A,0,542,212,0,0
869,314.95,12,0.5,A,0,542,212,0,0
870,315.32,11,0.51,A,0,542,212,0,0
871,315.92,11,0.49,A,0,542,212,0,0
872,316.32,12,0.49,A,0,543,212,0,0
873,316.8,13,0.46,A,0,543,212,0,0
874,317.18,12,0.43,A,0,543,212,0,0
875,317.56,15,0.45,A,0,545,213,0,0
876,318.09,13,0.4,A,0,545,213,0,0
877,318.47,15,0.41,A,0,546,213,0,0
878,318.84,10,0.38,A,0,546,213,0,0
879,319.31,12,0.41,A,0,546,213,0,0
880,319.72,12,0.41,A,0,546,213,0,0
881,320.11,13,0.45,A,0,547,213,0,0
882,320.59,15,0.43,A,0,549,213,0,0
883,320.95,12,0.49,A,0,549,213,0,0
884,321.36,11,0.46,A,0,549,213,0,0
885,321.87,12,0.42,A,0,551,213,0,0
886,322.22,12,0.51,A,0,551,213,0,0
887,322.58,11,0.52,A,0,551,213,0,0
888,323.1,11,0.51,A,0,551,213,0,0
889,323.46,10,0.49,A,0,552,213,0,0
890,323.83,9,0.32,A,0,552,214,0,0
891,324.31,7,0.34,A,0,553,214,0,0
892,324.7,9,0.39,A,0,553,214,0,0
893,325.06,9,0.38,A,0,554,214,0,0
894,325.59,13,0.39,A,0,555,214,0,0
895,325.97,13,0.38,A,0,555,214,0,0
896,326.34,13,0.39,A,0,557,214,0,0
897,326.81,13,0.36,A,0,557,214,0,0
898,327.23,11,0.36,A,0,558,214,0,0
899,327.61,10,0.37,A,0,558,215,0,0
900,328.1,12,0.34,A,0,558,215,0,0
901,328.45,13,0.35,A,0,558,215,0,0
902,328.85,10,0.41,A,0,559,215,0,0
903,329.33,12,0.38,A,0,559,215,0,0
904,329.69,10,0.4,A,0,559,215,0,0
905,330.04,8,0.34,A,0,559,215,0,0
906,330.55,12,0.35,A,0,559,215,0,0
907,330.93,13,0.37,A,0,560,215,0,0
908,331.29,13,0.47,A,0,561,215,0,0
909,331.76,13,0.5,A,0,562,215,0,0
910,332.16,10,0.52,A,0,562,215,0,0
911,332.52,12,0.48,A,0,562,217,0,0
912,333,12,0.55,A,0,563,217,0,0
913,333.4,9,0.57,A,0,565,217,0,0
914,333.77,11,0.63,A,0,567,217,0,0
915,334.24,13,0.57,A,0,569,217,0,0
916,334.6,9,0.59,A,0,569,217,0,0
917,335.02,12,0.56,A,0,570,218,0,0
918,335.49,12,0.56,A,0,570,218,0,0
919,335.85,13,0.54,A,0,570,218,0,0
920,336.26,11,0.5,A,0,572,218,0,0
921,336.72,12,0.5,A,0,575,218,0,0
922,337.08,14,0.54,A,0,575,218,0,0
923,337.48,12,0.53,A,0,576,218,0,0
924,338.02,10,0.58,A,0,576,218,0,0
925,338.38,13,0.6,A,0,577,218,0,0
926,338.74,13,0.61,A,0,577,219,0,0
927,339.19,14,0.56,A,0,578,219,0,0
928,339.61,16,0.58,A,0,578,219,0,0
929,339.97,14,0.62,A,0,578,221,0,0
930,340.43,11,0.65,A,0,579,221,0,0
931,340.77,13,0.65,A,0,579,221,0,0
932,341.16,14,0.65,A,0,579,222,0,0
933,341.62,15,0.62,A,0,579,222,0,0
934,341.97,11,0.7,A,0,579,222,0,0
935,342.3,12,0.77,A,0,579,223,0,0
936,342.8,11,0.77,A,0,580,223,0,0
937,343.14,12,0.75,A,0,581,223,0,0
938,343.5,11,0.75,A,0,581,223,0,0
939,344,11,0.82,A,0,581,223,0,0
940,344.37,13,0.75,A,0,581,223,0,0
941,344.72,10,0.71,A,0,581,223,0,0
942,345.19,12,0.67,A,0,581,223,0,0
943,345.57,13,0.72,A,0,583,223,0,0
944,345.94,14,0.74,A,0,583,223,0,0
945,346.41,13,0.71,A,0,584,223,0,0
946,346.76,12,0.7,A,0,585,223,0,0
947,347.24,10,0.78,A,0,585,224,0,0
948,347.73,12,0.72,A,0,585,224,0,0
949,348.1,11,0.72,A,0,585,224,0,0
950,348.46,11,0.73,A,0,586,224,0,0
951,348.91,12,0.68,A,0,588,224,0,0
952,349.33,12,0.78,A,0,590,224,0,0
953,349.7,12,0.73,A,0,590,226,0,0
954,350.17,11,0.75,A,0,590,226,0,0
955,350.54,11,0.7,A,0,591,226,0,0
956,350.96,12,0.67,A,0,591,227,0,0
957,351.47,13,0.68,A,0,591,227,0,0
958,351.83,13,0.7,A,0,592,227,0,0
959,352.2,11,0.76,A,0,593,228,0,0
960,352.71,15,0.68,A,0,594,228,0,0
961,353.08,13,0.68,A,0,594,228,0,0
962,353.44,14,0.73,A,0,594,228,0,0
963,353.94,14,0.76,A,0,596,228,0,0
964,354.31,14,0.77,A,0,597,228,0,0
965,354.67,14,0.8,A,0,597,229,0,0
966,355.13,13,0.85,A,0,598,229,0,0
967,355.54,12,0.82,A,0,598,229,0,0
968,355.92,13,0.83,A,0,598,230,0,0
969,356.38,13,0.82,A,0,601,230,0,0
970,356.75,15,0.83,A,0,602,230,0,0
971,357.14,15,0.82,A,0,603,231,0,0
972,357.62,12,0.81,A,0,603,231,0,0
973,357.98,15,0.79,A,0,605,231,0,0
974,358.38,16,0.75,A,0,606,231,0,0
975,358.87,17,0.72,A,0,607,231,0,0
976,359.22,16,0.76,A,0,607,231,0,0
977,359.59,19,0.72,A,0,609,231,0,0
978,360.1,15,0.77,A,0,610,231,0,0
979,360.5,14,0.71,A,0,610,231,0,0
980,360.87,15,0.7,A,0,610,231,0,0
981,361.36,16,0.67,A,0,610,231,0,0
982,361.77,17,0.64,A,0,610,231,0,0
983,362.15,15,0.63,A,0,610,231,0,0
984,362.62,15,0.77,A,0,610,231,0,0
985,362.98,16,0.73,A,0,610,231,0,0
986,363.41,14,0.73,A,0,610,231,0,0
987,363.9,16,0.72,A,0,610,231,0,0
988,364.26,16,0.72,A,0,611,231,0,0
989,364.63,15,0.77,A,0,611,231,0,0
990,365.13,17,0.72,A,0,612,231,0,0
991,365.53,13,0.74,A,0,612,231,0,0
992,365.89,13,0.68,A,0,612,231,0,0
993,366.36,14,0.76,A,0,612,231,0,0
994,366.78,13,0.83,A,0,612,231,0,0
995,367.16,15,0.82,A,0,613,231,0,0
996,367.63,17,0.81,A,0,613,231,0,0
997,367.99,15,0.78,A,0,613,231,0,0
998,368.4,15,0.81,A,0,613,231,0,0
999,368.89,17,0.75,A,0,613,231,0,0
1000,369.24,15,0.71,A,0,613,231,0,0
1001,369.62,17,0.69,A,0,614,231,0,0
1002,370.13,14,0.73,A,0,615,231,0,0
1003,370.5,13,0.78,A,0,615,231,0,0
1004,370.85,13,0.87,A,0,615,231,0,0
1005,371.36,14,0.87,A,0,617,231,0,0
1006,371.77,16,0.77,A,0,617,231,0,0
1007,372.15,12,0.75,A,0,617,231,0,0
1008,372.61,14,0.82,A,0,617,231,0,0
1009,372.97,12,0.85,A,0,617,231,0,0
1010,373.36,13,0.92,A,0,618,231,0,0
1011,373.84,13,0.86,A,0,618,231,0,0
1012,374.2,12,0.84,A,0,618,231,0,0
1013,374.56,15,0.89,A,0,619,231,0,0
1014,375.08,12,0.87,A,0,619,231,0,0
1015,375.46,11,0.91,A,0,621,231,0,0
1016,375.81,12,0.92,A,0,623,231,0,0
1017,376.29,14,0.95,A,0,623,231,0,0
1018,376.72,14,0.92,A,0,623,231,0,0
1019,377.08,14,0.95,A,0,624,232,0,0
1020,377.59,14,0.97,A,0,624,232,0,0
1021,377.95,15,1,A,0,625,232,0,0
1022,378.33,15,0.96,A,0,626,233,0,0
1023,378.94,14,0.98,A,0,626,233,0,0
1024,379.35,13,0.98,A,0,627,234,0,0
1025,379.85,14,0.97,A,0,629,234,0,0
1026,380.21,15,0.98,A,0,629,234,0,0
1027,380.58,11,1.07,A,0,629,234,0,0
1028,381.12,12,0.98,A,0,629,234,0,0
1029,381.49,12,1,A,0,629,234,0,0
1030,381.85,12,1.05,A,0,630,234,0,0
1031,382.33,9,1.03,A,0,630,234,0,0
1032,382.73,11,1.08,A,0,630,234,0,0
1033,383.11,11,1.08,A,0,630,236,0,0
1034,383.58,12,1.08,A,0,630,236,0,0
1035,383.97,11,1.07,A,0,631,236,0,0
1036,384.39,9,1.16,A,0,632,237,0,0
1037,384.87,9,1.17,A,0,632,237,0,0
1038,385.23,10,1.12,A,0,632,237,0,0
1039,385.61,12,1.05,A,0,633,241,0,0
1040,386.13,13,1.04,A,0,635,241,0,0
1041,386.52,10,1.16,A,0,635,241,0,0
1042,386.89,13,1.13,A,0,635,242,0,0
1043,387.38,12,1.15,A,0,636,242,0,0
1044,387.79,11,1.17,A,0,637,242,0,0
1045,388.16,10,1.25,A,0,637,244,0,0
1046,388.72,13,1.17,A,0,639,244,0,0
1047,389.12,12,1.19,A,0,640,244,0,0
1048,389.52,11,1.25,A,0,641,244,0,0
1049,390.04,12,1.27,A,0,641,244,0,0
1050,390.45,9,1.32,A,0,641,244,0,0
1051,390.83,11,1.3,A,0,641,244,0,0
1052,391.3,14,1.2,A,0,642,244,0,0
1053,391.68,16,1.18,A,0,643,244,0,0
1054,392.1,11,1.27,A,0,643,245,0,0
1055,392.62,11,1.35,A,0,645,245,0,0
1056,393,13,1.26,A,0,645,245,0,0
1057,393.37,12,1.25,A,0,646,245,0,0
1058,393.89,14,1.29,A,0,646,245,0,0
1059,394.26,14,1.35,A,0,646,245,0,0
1060,394.63,15,1.38,A,0,646,246,0,0
1061,395.12,12,1.46,A,0,646,246,0,0
1062,395.53,11,1.45,A,0,646,246,0,0
1063,395.91,11,1.44,A,0,647,249,0,0
1064,396.4,14,1.47,A,0,649,249,0,0
1065,396.77,15,1.47,A,0,650,249,0,0
1066,397.19,15,1.43,A,0,651,249,0,0
1067,397.7,14,1.48,A,0,651,249,0,0
1068,398.06,14,1.51,A,0,652,249,0,0
1069,398.43,15,1.5,A,0,653,249,0,0
1070,398.96,13,1.48,A,0,653,249,0,0
1071,399.33,13,1.48,A,0,655,249,0,0
1072,399.69,12,1.41,A,0,655,249,0,0
1073,400.2,14,1.55,A,0,657,249,0,0
1074,400.61,14,1.58,A,0,657,249,0,0
1075,401.01,12,1.46,A,0,657,249,0,0
1076,401.52,13,1.72,A,0,658,249,0,0
1077,401.89,14,1.55,A,0,659,249,0,0
1078,402.32,17,1.55,A,0,660,249,0,0
1079,402.83,15,1.66,A,0,660,249,0,0
1080,403.2,14,1.7,A,0,660,249,0,0
1081,403.58,13,1.69,A,0,660,249,0,0
1082,404.1,15,1.67,A,0,661,249,0,0
1083,404.47,13,1.72,A,0,662,249,0,0
1084,404.86,14,1.68,A,0,662,251,0,0
1085,405.39,13,1.74,A,0,662,251,0,0
1086,405.79,12,1.74,A,0,662,251,0,0
1087,406.17,13,1.77,A,0,662,252,0,0
1088,406.66,14,1.82,A,0,663,252,0,0
1089,407.04,10,1.77,A,0,663,252,0,0
1090,407.45,14,1.81,A,0,665,252,0,0
1091,407.95,16,1.81,A,0,665,252,0,0
1092,408.32,12,1.91,A,0,665,252,0,0
1093,408.7,14,1.92,A,0,665,252,0,0
1094,409.22,15,1.91,A,0,667,252,0,0
1095,409.62,13,1.82,A,0,668,252,0,0
1096,409.99,16,1.96,A,0,668,252,0,0
1097,410.48,12,1.93,A,0,668,252,0,0
1098,410.88,13,1.91,A,0,668,252,0,0
1099,411.39,13,1.9,A,0,668,252,0,0
1100,411.89,13,1.91,A,0,669,252,0,0
1101,412.26,13,1.93,A,0,671,252,0,0
1102,412.72,12,1.93,A,0,671,252,0,0
1103,413.25,11,1.89,A,0,671,252,0,0
1104,413.67,12,1.9,A,0,671,252,0,0
1105,414.07,11,1.95,A,0,671,252,0,0
1106,414.54,13,1.95,A,0,673,252,0,0
1107,414.92,11,1.99,A,0,673,252,0,0
1108,415.35,9,1.99,A,0,673,252,0,0
1109,415.83,11,2.01,A,0,673,252,0,0
1110,416.23,12,2.03,A,0,674,252,0,0
1111,416.61,11,2.03,A,0,674,252,0,0
1112,417.1,12,2.16,A,0,676,252,0,0
1113,417.47,14,2.16,A,0,676,252,0,0
1114,417.9,10,2.18,A,0,677,252,0,0
1115,418.47,12,2.08,A,0,677,252,0,0
1116,418.84,12,2.13,A,0,677,252,0,0
1117,419.24,8,2.24,A,0,678,253,0,0
1118,419.81,8,2.2,A,0,679,253,0,0
1119,420.21,11,2.22,A,0,680,253,0,0
1120,420.58,13,2.24,A,0,680,253,0,0
1121,421.08,11,2.22,A,0,681,253,0,0
1122,421.57,13,2.16,A,0,682,253,0,0
1123,421.98,13,2.08,A,0,682,254,0,0
1124,422.48,12,2.15,A,0,683,254,0,0
1125,422.89,12,2.09,A,0,683,254,0,0
1126,423.35,11,2.15,A,0,683,255,0,0
1127,423.87,14,2.14,A,0,685,255,0,0
1128,424.26,12,2.15,A,0,685,255,0,0
1129,424.63,12,2.21,A,0,685,255,0,0
1130,425.27,12,2.13,A,0,686,255,0,0
1131,425.66,11,2.18,A,0,686,256,0,0
1132,426.16,14,2.17,A,0,687,256,0,0
1133,426.54,14,2.28,A,0,688,256,0,0
1134,426.96,11,2.18,A,0,689,257,0,0
1135,427.47,13,2.24,A,0,691,257,0,0
1136,427.85,12,2.32,A,0,691,257,0,0
1137,428.22,11,2.43,A,0,691,257,0,0
1138,428.78,10,2.31,A,0,691,257,0,0
1139,429.17,9,2.41,A,0,691,257,0,0
1140,429.55,10,2.45,A,0,693,257,0,0
1141,430.04,10,2.43,A,0,693,257,0,0
1142,430.44,10,2.48,A,0,695,257,0,0
1143,430.84,8,2.53,A,0,695,257,0,0
1144,431.34,9,2.56,A,0,696,257,0,0
1145,431.72,9,2.61,A,0,696,257,0,0
1146,432.13,10,2.58,A,0,698,258,0,0
1147,432.79,9,2.5,A,0,698,258,0,0
1148,433.18,10,2.51,A,0,698,259,0,0
1149,433.75,9,2.41,A,0,698,259,0,0
1150,434.17,9,2.49,A,0,698,259,0,0
1151,434.58,8,2.5,A,0,699,262,0,0
1152,435.08,9,2.44,A,0,700,262,0,0
1153,435.46,10,2.54,A,0,702,262,0,0
1154,435.87,10,2.46,A,0,704,263,0,0
1155,436.37,9,2.56,A,0,704,263,0,0
1156,436.74,8,2.57,A,0,704,263,0,0
1157,437.16,9,2.65,A,0,704,266,0,0
1158,437.7,10,2.51,A,0,704,266,0,0
1159,438.1,11,2.33,A,0,704,266,0,0
1160,438.55,11,2.74,A,0,707,267,0,0
1161,439.07,11,2.75,A,0,708,267,0,0
1162,439.56,10,2.68,A,0,709,268,0,0
1163,440.09,10,2.63,A,0,709,268,0,0
1164,440.46,9,2.78,A,0,709,268,0,0
1165,440.83,10,2.82,A,0,711,270,0,0
1166,441.36,11,2.85,A,0,712,270,0,0
1167,441.81,10,2.91,A,0,713,270,0,0
1168,442.2,10,2.98,A,0,713,272,0,0
1169,442.83,9,2.8,A,0,713,272,0,0
1170,443.2,8,2.92,A,0,713,272,0,0
1171,443.68,7,2.91,A,0,714,274,0,0
1172,444.25,7,2.92,A,0,714,274,0,0
1173,444.64,7,2.93,A,0,714,274,0,0
1174,445.03,7,2.97,A,0,715,282,0,0
1175,445.63,6,2.9,A,0,715,282,0,0
1176,446.03,6,3.05,A,0,717,287,0,0
1177,446.54,7,3,A,0,717,287,0,0
1178,446.91,7,2.94,A,0,718,287,0,0
1179,447.28,7,2.99,A,0,720,292,0,0
1180,447.85,7,2.98,A,0,720,292,0,0
